name, seq, len, RGB
strand_0,AATGCTACTACTATTAGTAGAATTGATGCCACCTTTTCAGCTCGCGCCCCAAATGAAAATATAGCTAAACAGGTTATTGACCATTTGCGAAATGTATCTAATGGTCAAACTAAATCTACTCGTTCGCAGAATTGGGAATCAACTGTTATATGGAATGAAACTTCCAGACACCGTACTTTAGTTGCATATTTAAAACATGTTGAGCTACAGCATTATATTCAGCAATTAAGCTCTAAGCCATCCGCAAAAATGACCTCTTATCAAAAGGAGCAATTAAAGGTACTCTCTAATCCTGACCTGTTGGAGTTTGCTTCCGGTCTGGTTCGCTTTGAAGCTCGAATTAAAACGCGATATTTGAAGTCTTTCGGGCTTCCTCTTAATCTTTTTGATGCAATCCGCTTTGCTTCTGACTATAATAGTCAGGGTAAAGACCTGATTTTTGATTTATGGTCATTCTCGTTTTCTGAACTGTTTAAAGCATTTGAGGGGGATTCAATGAATATTTATGACGATTCCGCAGTATTGGACGCTATCCAGTCTAAACATTTTACTATTACCCCCTCTGGCAAAACTTCTTTTGCAAAAGCCTCTCGCTATTTTGGTTTTTATCGTCGTCTGGTAAACGAGGGTTATGATAGTGTTGCTCTTACTATGCCTCGTAATTCCTTTTGGCGTTATGTATCTGCATTAGTTGAATGTGGTATTCCTAAATCTCAACTGATGAATCTTTCTACCTGTAATAATGTTGTTCCGTTAGTTCGTTTTATTAACGTAGATTTTTCTTCCCAACGTCCTGACTGGTATAATGAGCCAGTTCTTAAAATCGCATAAGGTAATTCACAATGATTAAAGTTGAAATTAAACCATCTCAAGCCCAATTTACTACTCGTTCTGGTGTTTCTCGTCAGGGCAAGCCTTATTCACTGAATGAGCAGCTTTGTTACGTTGATTTGGGTAATGAATATCCGGTTCTTGTCAAGATTACTCTTGATGAAGGTCAGCCAGCCTATGCGCCTGGTCTGTACACCGTTCATCTGTCCTCTTTCAAAGTTGGTCAGTTCGGTTCCCTTATGATTGACCGTCTGCGCCTCGTTCCGGCTAAGTAACATGGAGCAGGTCGCGGATTTCGACACAATTTATCAGGCGATGATACAAATCTCCGTTGTACTTTGTTTCGCGCTTGGTATAATCGCTGGGGGTCAAAGATGAGTGTTTTAGTGTATTCTTTTGCCTCTTTCGTTTTAGGTTGGTGCCTTCGTAGTGGCATTACGTATTTTACCCGTTTAATGGAAACTTCCTCATGAAAAAGTCTTTAGTCCTCAAAGCCTCTGTAGCCGTTGCTACCCTCGTTCCGATGCTGTCTTTCGCTGCTGAGGGTGACGATCCCGCAAAAGCGGCCTTTAACTCCCTGCAAGCCTCAGCGACCGAATATATCGGTTATGCGTGGGCGATGGTTGTTGTCATTGTCGGCGCAACTATCGGTATCAAGCTGTTTAAGAAATTCACCTCGAAAGCAAGCTGATAAACCGATACAATTAAAGGCTCCTTTTGGAGCCTTTTTTTTGGAGATTTTCAACGTGAAAAAATTATTATTCGCAATTCCTTTAGTTGTTCCTTTCTATTCTCACTCCGCTGAAACTGTTGAAAGTTGTTTAGCAAAATCCCATACAGAAAATTCATTTACTAACGTCTGGAAAGACGACAAAACTTTAGATCGTTACGCTAACTATGAGGGCTGTCTGTGGAATGCTACAGGCGTTGTAGTTTGTACTGGTGACGAAACTCAGTGTTACGGTACATGGGTTCCTATTGGGCTTGCTATCCCTGAAAATGAGGGTGGTGGCTCTGAGGGTGGCGGTTCTGAGGGTGGCGGTTCTGAGGGTGGCGGTACTAAACCTCCTGAGTACGGTGATACACCTATTCCGGGCTATACTTATATCAACCCTCTCGACGGCACTTATCCGCCTGGTACTGAGCAAAACCCCGCTAATCCTAATCCTTCTCTTGAGGAGTCTCAGCCTCTTAATACTTTCATGTTTCAGAATAATAGGTTCCGAAATAGGCAGGGGGCATTAACTGTTTATACGGGCACTGTTACTCAAGGCACTGACCCCGTTAAAACTTATTACCAGTACACTCCTGTATCATCAAAAGCCATGTATGACGCTTACTGGAACGGTAAATTCAGAGACTGCGCTTTCCATTCTGGCTTTAATGAGGATTTATTTGTTTGTGAATATCAAGGCCAATCGTCTGACCTGCCTCAACCTCCTGTCAATGCTGGCGGCGGCTCTGGTGGTGGTTCTGGTGGCGGCTCTGAGGGTGGTGGCTCTGAGGGTGGCGGTTCTGAGGGTGGCGGCTCTGAGGGAGGCGGTTCCGGTGGTGGCTCTGGTTCCGGTGATTTTGATTATGAAAAGATGGCAAACGCTAATAAGGGGGCTATGACCGAAAATGCCGATGAAAACGCGCTACAGTCTGACGCTAAAGGCAAACTTGATTCTGTCGCTACTGATTACGGTGCTGCTATCGATGGTTTCATTGGTGACGTTTCCGGCCTTGCTAATGGTAATGGTGCTACTGGTGATTTTGCTGGCTCTAATTCCCAAATGGCTCAAGTCGGTGACGGTGATAATTCACCTTTAATGAATAATTTCCGTCAATATTTACCTTCCCTCCCTCAATCGGTTGAATGTCGCCCTTTTGTCTTTGGCGCTGGTAAACCATATGAATTTTCTATTGATTGTGACAAAATAAACTTATTCCGTGGTGTCTTTGCGTTTCTTTTATATGTTGCCACCTTTATGTATGTATTTTCTACGTTTGCTAACATACTGCGTAATAAGGAGTCTTAATCATGCCAGTTCTTTTGGGTATTCCGTTATTATTGCGTTTCCTCGGTTTCCTTCTGGTAACTTTGTTCGGCTATCTGCTTACTTTTCTTAAAAAGGGCTTCGGTAAGATAGCTATTGCTATTTCATTGTTTCTTGCTCTTATTATTGGGCTTAACTCAATTCTTGTGGGTTATCTCTCTGATATTAGCGCTCAATTACCCTCTGACTTTGTTCAGGGTGTTCAGTTAATTCTCCCGTCTAATGCGCTTCCCTGTTTTTATGTTATTCTCTCTGTAAAGGCTGCTATTTTCATTTTTGACGTTAAACAAAAAATCGTTTCTTATTTGGATTGGGATAAATAATATGGCTGTTTATTTTGTAACTGGCAAATTAGGCTCTGGAAAGACGCTCGTTAGCGTTGGTAAGATTCAGGATAAAATTGTAGCTGGGTGCAAAATAGCAACTAATCTTGATTTAAGGCTTCAAAACCTCCCGCAAGTCGGGAGGTTCGCTAAAACGCCTCGCGTTCTTAGAATACCGGATAAGCCTTCTATATCTGATTTGCTTGCTATTGGGCGCGGTAATGATTCCTACGATGAAAATAAAAACGGCTTGCTTGTTCTCGATGAGTGCGGTACTTGGTTTAATACCCGTTCTTGGAATGATAAGGAAAGACAGCCGATTATTGATTGGTTTCTACATGCTCGTAAATTAGGATGGGATATTATTTTTCTTGTTCAGGACTTATCTATTGTTGATAAACAGGCGCGTTCTGCATTAGCTGAACATGTTGTTTATTGTCGTCGTCTGGACAGAATTACTTTACCTTTTGTCGGTACTTTATATTCTCTTATTACTGGCTCGAAAATGCCTCTGCCTAAATTACATGTTGGCGTTGTTAAATATGGCGATTCTCAATTAAGCCCTACTGTTGAGCGTTGGCTTTATACTGGTAAGAATTTGTATAACGCATATGATACTAAACAGGCTTTTTCTAGTAATTATGATTCCGGTGTTTATTCTTATTTAACGCCTTATTTATCACACGGTCGGTATTTCAAACCATTAAATTTAGGTCAGAAGATGAAATTAACTAAAATATATTTGAAAAAGTTTTCTCGCGTTCTTTGTCTTGCGATTGGATTTGCATCAGCATTTACATATAGTTATATAACCCAACCTAAGCCGGAGGTTAAAAAGGTAGTCTCTCAGACCTATGATTTTGATAAATTCACTATTGACTCTTCTCAGCGTCTTAATCTAAGCTATCGCTATGTTTTCAAGGATTCTAAGGGAAAATTAATTAATAGCGACGATTTACAGAAGCAAGGTTATTCACTCACATATATTGATTTATGTACTGTTTCCATTAAAAAAGGTAATTCAAATGAAATTGTTAAATGTAATTAATTTTGTTTTCTTGATGTTTGTTTCATCATCTTCTTTTGCTCAGGTAATTGAAATGAATAATTCGCCTCTGCGCGATTTTGTAACTTGGTATTCAAAGCAATCAGGCGAATCCGTTATTGTTTCTCCCGATGTAAAAGGTACTGTTACTGTATATTCATCTGACGTTAAACCTGAAAATCTACGCAATTTCTTTATTTCTGTTTTACGTGCAAATAATTTTGATATGGTAGGTTCTAACCCTTCCATTATTCAGAAGTATAATCCAAACAATCAGGATTATATTGATGAATTGCCATCATCTGATAATCAGGAATATGATGATAATTCCGCTCCTTCTGGTGGTTTCTTTGTTCCGCAAAATGATAATGTTACTCAAACTTTTAAAATTAATAACGTTCGGGCAAAGGATTTAATACGAGTTGTCGAATTGTTTGTAAAGTCTAATACTTCTAAATCCTCAAATGTATTATCTATTGACGGCTCTAATCTATTAGTTGTTAGTGCTCCTAAAGATATTTTAGATAACCTTCCTCAATTCCTTTCAACTGTTGATTTGCCAACTGACCAGATATTGATTGAGGGTTTGATATTTGAGGTTCAGCAAGGTGATGCTTTAGATTTTTCATTTGCTGCTGGCTCTCAGCGTGGCACTGTTGCAGGCGGTGTTAATACTGACCGCCTCACCTCTGTTTTATCTTCTGCTGGTGGTTCGTTCGGTATTTTTAATGGCGATGTTTTAGGGCTATCAGTTCGCGCATTAAAGACTAATAGCCATTCAAAAATATTGTCTGTGCCACGTATTCTTACGCTTTCAGGTCAGAAGGGTTCTATCTCTGTTGGCCAGAATGTCCCTTTTATTACTGGTCGTGTGACTGGTGAATCTGCCAATGTAAATAATCCATTTCAGACGATTGAGCGTCAAAATGTAGGTATTTCCATGAGCGTTTTTCCTGTTGCAATGGCTGGCGGTAATATTGTTCTGGATATTACCAGCAAGGCCGATAGTTTGAGTTCTTCTACTCAGGCAAGTGATGTTATTACTAATCAAAGAAGTATTGCTACAACGGTTAATTTGCGTGATGGACAGACTCTTTTACTCGGTGGCCTCACTGATTATAAAAACACTTCTCAGGATTCTGGCGTACCGTTCCTGTCTAAAATCCCTTTAATCGGCCTCCTGTTTAGCTCCCGCTCTGATTCTAACGAGGAAAGCACGTTATACGTGCTCGTCAAAGCAACCATAGTACGCGCCCTGTAGCGGCGCATTAAGCGCGGCGGGTGTGGTGGTTACGCGCAGCGTGACCGCTACACTTGCCAGCGCCCTAGCGCCCGCTCCTTTCGCTTTCTTCCCTTCCTTTCTCGCCACGTTCGCCGGCTTTCCCCGTCAAGCTCTAAATCGGGGGCTCCCTTTAGGGTTCCGATTTAGTGCTTTACGGCACCTCGACCCCAAAAAACTTGATTTGGGTGATGGTTCACGTAGTGGGCCATCGCCCTGATAGACGGTTTTTCGCCCTTTGACGTTGGAGTCCACGTTCTTTAATAGTGGACTCTTGTTCCAAACTGGAACAACACTCAACCCTATCTCGGGCTATTCTTTTGATTTATAAGGGATTTTGCCGATTTCGGAACCACCATCAAACAGGATTTTCGCCTGCTGGGGCAAACCAGCGTGGACCGCTTGCTGCAACTCTCTCAGGGCCAGGCGGTGAAGGGCAATCAGCTGTTGCCCGTCTCACTGGTGAAAAGAAAAACCACCCTGGCGCCCAATACGCAAACCGCCTCTCCCCGCGCGTTGGCCGATTCATTAATGCAGCTGGCACGACAGGTTTCCCGACTGGAAAGCGGGCAGTGAGCGCAACGCAATTAATGTGAGTTAGCTCACTCATTAGGCACCCCAGGCTTTACACTTTATGCTTCCGGCTCGTATGTTGTGTGGAATTGTGAGCGGATAACAATTTCACACAGGAAACAGCTATGACCATGATTACGAATTCGAGCTCGGTACCCGGGGATCCTCTAGAGTCGACCTGCAGGCATGCAAGCTTGGCACTGGCCGTCGTTTTACAACGTCGTGACTGGGAAAACCCTGGCGTTAC,6337, 
strand_1,ATTAGCCATATGGTTTTTTTCAGCGCCAAAAAATTA,36, 
strand_2,GCTATCTTGCAAGAAACAATGAAAGAGGGAGGGAAG,36, 
strand_3,AATGAAAATAGCTTTTTTCTTTACAGAGAGTAACCCACAAGAATTTTTAAGCCCAAT,57, 
strand_4,TATCAGAGAGAAATAACATAAAAACAGGGAAGTGAGCGCTAA,42, 
strand_5,AATCAAGACTTGCGGGAGGTTTTGCACCCTGAACAA,36, 
strand_6,GAACCTCCCGATTAGTTGCTATTTTGCACCCAGCGTTTTAGC,42, 
strand_7,ATCGAGAATTTTTCAAGCCGTTTTTATTCAAGCAAAT,37, 
strand_8,TTCATTATTTGTGAATTATCACCGTC,26, 
strand_9,CAAACGTAGAATAGAAAGATTCATCAGTTGAGAGTATGTTAG,42, 
strand_10,CCTTATTACGCATTTAGGAATACCACATTCAAGATTAAGACT,42, 
strand_11,AGAACTGGCATCTAATGCAGATACATAACGCCAATACCCAAA,42, 
strand_12,AATAATAACGGAAAAGGAATTACGAGGCATAGGAGGAAACGC,42, 
strand_13,AATAGAAAATTAAGGCCGGAAACGTCACCAATTGTCACAATC,42, 
strand_14,TAAGTTTATTTGAAACCATCGATAGCAGCACCCACCACGGAA,42, 
strand_15,GTTTATCAACAATAGATTTTTCTGAACAAGAAAACGCACTC,41, 
strand_16,AAACCAAGTACATAATATCCCATCCTAATTTAAACGGGTATT,42, 
strand_17,AGCGTTTGATTTTCGGTCATAGCCCGGCTGTCTTTC,36, 
strand_18,TTTTCATCGGCCCATCTTTTCATAATCAAAATCTGTAGCGCG,42, 
strand_19,AAAGAAACGCAAAGAGTAATCAGTAGCGTTTTCAAGTTTGCCT,43, 
strand_20,TACAGGAGTGTCCAGGCGGATAAGTGCCGTCGCTTTTGATGA,42, 
strand_21,ATGGATTTTTCGCAGTCTCTGAATTTACCGTT,32, 
strand_22,CTCATTAAAGCAAGACTTTTTCATGAGGAAGTCAAATAAATC,42, 
strand_23,ATATTCACAAATTCCATTAAACGGGTAAAATAATTGGCCTTG,42, 
strand_24,CAGGTCAGACGCGTAATGCCACTACGAAGGCAGAGGTTGAGG,42, 
strand_25,AGTTAATGCCCCCTGCGGGGTCAGT,25, 
strand_26,CGACAAAAGGTTTGAGAATCGCCATATTTAACTATAAAGTAC,42, 
strand_27,CAGAACCGCGCCACCCTCAGAACCGCATTTTCGAGC,36, 
strand_28,AGGTTTAGTACCCACCCTCAGAGCCACCACCCCGTACTCAGG,42, 
strand_29,CCAGTAAGCGTCATACATGGAGAGGGTTGATATAAGTATAGTTTGAATAGGT,52, 
strand_30,GGCTTAAAAAGTAATTCTTTTAGACGACGACAATAAACAACATGTTCAGCTCTGAGACT,59, 
strand_31,GAGTTAATTTTTTGCCGCTTTTGCGGGATCGTCACCCTCAGCCCATGTTA,50, 
strand_32,GTTGAAAATCTTGTATCGGTTTTTTTCAGCTTGCTTTCGATGCAGG,46, 
strand_33,TCGCTGAGGCTGGTGAATTTCTTAAACAGCTTATATATTCGG,42, 
strand_34,CAGAGGTGACGAACCACCAGCAGACAACAACCATCG,36, 
strand_35,AAAAATACCGAAGGCGGTCAGTATTAACACCGCATCGCCATT,42, 
strand_36,AAAACGCTCTCTGGCCAACAGATTTTTTTGATAGAACCCTTCTAGTCT,48, 
strand_37,AAGAGGACGGGAACCGAACTGACCCACAGACAATAT,36, 
strand_38,GAGATTTGTATTAGGCTGGCTGACCTTCATCAAAGTACAACG,42, 
strand_39,AGCGCGAAACAAGAGTAATCTTGACAAGAACCGATTATACCA,42, 
strand_40,AAAAGGGACATATGGAAATACCTACATTTTGAGACCAGTAAT,42, 
strand_41,AGTAGTAAGCCCTGACGAGAAACATACATTGGCAGA,36, 
strand_42,GAATAAGGCTTATTGGGCTTGAGATGGTTTAACTCATTCAGT,42, 
strand_43,CCAGAGGGGGTCCGAAAGACTTCAAATATCGCAGAAGTTTTG,42, 
strand_44,GCTTTTGCAAAGTTTTAATTCGAGCTTCAAAGATAGCGAGAG,42, 
strand_45,TGAATCCCCCTCAAATAGCGTCCAA,25, 
strand_46,GCTTTCGACAGGAACGTTTTTTTGTACGCCAGAGTAATAA,40, 
strand_47,TTCTTTGATTAATCCTGAGAAGTGTTTTTATAGTAGCAATAC,42, 
strand_48,CATTTTTGTAATTGCTCCTTTTGATCTGTCCATCAC,36, 
strand_49,GAGAGTACCTTCGGATGGCTTAGAGCTTAATTGTCAGGATTA,42, 
strand_50,TATCCAGATCAAACTATCGGCCTTTGACTATTATAG,36, 
strand_51,CCTTTAATCCAAAAAAAAGGCTCCGGAAGGTTATCT,36, 
strand_52,AACAACTAAAGACGATCTAAAGTTTTGTCGTCAATAGAAAGG,42, 
strand_53,AGCGGAGTGAGTTTCCAGACGTTAGTAAATGACAACAGTTTC,42, 
strand_54,AGGCGAATTATTCATTTGATTGCTT,25, 
strand_55,TAGACTTTACAAACAACGTCAATAG,25, 
strand_56,CCTCAAATATCCGTTATTAATTTTAAAAGTTTCCTTGCTGAA,42, 
strand_57,CTAAAGCATCAGAGTAACATTATCATTTTGCGAATGAAAAAT,42, 
strand_58,AATAGCCCGAGAAAGGAAGGGTTTTTTGAAAGCGAAAGGATATCA,45, 
strand_59,TAGAACCTACCAGCGGGCGCTAGGGCGCTGGCATGGAAGGGT,42, 
strand_60,ACTTCTGAATAAAGTGTAGCGGTCACGCTGCGTTTGGATTAT,42, 
strand_61,AATCCTGATTGCGTAACCACCACACCCGCCGCTCATCAATAT,42, 
strand_62,ATGATGGCAATGCTTAATGCGCCGCTACAGGGTGATTATCAG,42, 
strand_63,AGCAGAACAAAGAAACTTTTTCCAGAAGGAGCGGAA,36, 
strand_64,TGTAAAACGACAATAAGAAACGATTTTTTGTTGTCACGACGT,42, 
strand_65,GCGAGCTGAAATGCGAACGAGTAGATTTAGTTCATTTGGGGC,42, 
strand_66,GAAAATCCCCACGCTGGTTTGCCCGTCAATAACCTG,36, 
strand_67,GAGCTCGAATTCGTAATGCCTGCAG,25, 
strand_68,TGCCAGTTACAATTGTTATCCGCTCACAATTCGAGCCTAATT,42, 
strand_69,GCGTCTTTCCACACACAACATACGAGCCGGAAACGCTAACGA,42, 
strand_70,GAATCGGCCAAAACGCGAGAAAACTTTTTCAACTGCATTAAT,42, 
strand_71,TGTCGTGCCAGATATATTTTAGTTAATTTCATTCGGGAAACC,42, 
strand_72,CCGCTTTCCAGCTTCTGACCTAAATTTAATGGCGCTCACTGC,42, 
strand_73,TAATTGCGTTGTTTGAAATACCGACCGTGTGATAACTCACAT,42, 
strand_74,TTTTATCCTTTTACCAGCATAAAGTTTTAGCCTGGGGTGCC,41, 
strand_75,TGAGAGATCAATATATTTTTGAGTGAATAATTTTCC,36, 
strand_76,GTACAAACTACAACGCGGAACCCAT,25, 
strand_77,CTTAGAATTTTTGAAAACATAGCGAT,26, 
strand_78,ACAGTACATAAACTACCTTTTTAACCTCCGGCTTTAATGGAA,42, 
strand_79,GAATTACCTTTTTAGGTTGGGTTATATAACTAAATTTCATTT,42, 
strand_80,ATAATGCTTTTTGTAGCTCAACATGTTTTAAATATGGTCTATCA,44, 
strand_81,GTAAAGCACAAGTTTTTTGGGGTCACAGGAGGCCGA,36, 
strand_82,GAGTCCACTATCGATTTAGAGCTTGACGGGGATTTGGAACAA,42, 
strand_83,TGTTGTTCCAGAAGCCGGCGAACGTGGCGAGATAGGGTTGAG,42, 
strand_84,GTAAATATTGACGGGACAAAAGGGCGACATTCAACCGATTTAGCAATA,48, 
strand_85,AGTCAGAGGGTAATCGCATTAGACGGGAGAATTAACTGAAAAGCCTTA,48, 
strand_86,CAGATATAGATTTTATCCGGTATTCTAAGAACGCGAGGCTACAA,44, 
strand_87,ACCGACTTGAGCCATTTACCGCGCCCAATAGTTCATCGT,39, 
strand_88,AGGAATCATTGGGAATTAGAGCCAGCAAAATCACCAGTAGTCCATTACC,49, 
strand_89,CTTATCATTCCAAGCGAGCATGTAGAAACCAATCAATAATCCCTTATT,48, 
strand_90,TGAAACAGAAGGATTAGGATTATTGGGTTTTG,32, 
strand_91,TTAGCGTCAGACACCGGAACCAGAGCCACCACCGTTTTTTGAACCGC,47, 
strand_92,GCCTTGAGTAACAGTGCCAGAACCGCCACCCTCTCAGAGCCGCCACCCTCCGTATAAAC,59, 
strand_93,GAAAAAGCCACCAGTATAAAGCCATAACAGTAG,33, 
strand_94,CAGTAATAAGAGAAAACGCCAACATGTAATTTAGGCAGAGGCCACCCT,48, 
strand_95,CTCAGTAACTGGTAATATTTTTTAACCTATTTCGGAATTTTATTATTC,48, 
strand_96,CCTCAAGATGAAAGTATTAAGAGGAATGCAGAACGCGCCT,40, 
strand_97,CTTAGCCGAAATCCGCGACCTGCTAGCGAAAGACAGCATCGGAACG,46, 
strand_98,CCCACGCATAACCGGATACCGATAGTTGCGCCGACAATGAAGATAAAA,48, 
strand_99,TTTTGAATGGCTATTGACCTGAAAGCGTAAGAATACGTGGAACTTTGA,48, 
strand_100,AGGCGCACATCGCCTGATTTTAATTGTGTCGGAACGAGGC,40,255/0/0
strand_101,CATCACTTGTTTTGAGTAGAAGAACACAATATTACCGCCAGTTTTTTGCAACAGGA,56, 
strand_102,TTCACCAGTCACACCGCTCAATCGTCTGAAATGGATTATTCCAGAACG,48, 
strand_103,TTGACCCCCAGCGGATATTTTTCCCAAATCAACGTAACAAAGCTGTTTCAACTTTAAT,58, 
strand_104,ACAGTTCAGTTAACGAGAATGACCGATTGCATCAAAATTTATTAAGA,47, 
strand_105,TACTGCGGAATCGTCATTTGGGAAGAAAAATCTTATACCAGTCAGGACGAAATATTCAT,59, 
strand_106,GGAAGCAATAGTAAAATTTTGTTTAGACTGGATGCTTTAA,40, 
strand_107,GCAAATTAACCGTTATCAGTGAGGCCACCGAGTAAAAGAGTAAGAGGT,48, 
strand_108,AAAAACCAAACGAACCAGATTTTTTCGGAAGCAAACTCCAACAGGCTGAAT,51, 
strand_109,TCAGAAGCAAAGCGATAAATCAAAAATCAGGTCTTTACCCGCTGGTAA,48, 
strand_110,CTCGTATTATTTCCTTTGCCCGAAAAACCCTCAATCATTTATCTGGT,47, 
strand_111,AAAATATCTTTAGGGCAAATCAACAGTTGAAAGGAATTGAAAAAGGAG,48, 
strand_112,TGAATACCAAGTTACAATTTGCTAAACAACTTTATTTTCTGTATGGGATAATCGCGCAG,59, 
strand_113,ATAATACATTTGAGGATGATTTTCAGGTTTAACATAAAGAAATTGCGTATTAGAAGTAT,59, 
strand_114,CAGTTGAGCACTAACATTTTAATAGATTAGAGCTTCGACAA,41, 
strand_115,GTGTGAAAAATAAACAGCCATATTATTTATCC,32, 
strand_116,GGCATTTTTCTACTAATAGTAGTAGCATTGTAACGCCAGGGTTTTCCCATAACGTCAAA,59, 
strand_117,TTTAGCTATATTTTTGACCATTAGATACATTTCGCAAATGCAGCAGGC,48, 
strand_118,GTCGACTCTAGAGGATCTTTTTCTTTTCACCAGTTGGGCGCCAGGGTGGCCCGGGTACC,59, 
strand_119,CAATCCAGGCCAGTGCCTTTCTTGCATCATGGTCATATTTTGTTTCCT,48, 
strand_120,AATTAATTACATTTAACTATGTAAATGCTGATGCAAATTTTTATCGCAAG,50, 
strand_121,GTACCGTAACACTGAGTCGTCGCTATTAATTAACCTTGCTTCTGTAAATTTCGTCACCA,59, 
strand_122,TAATGAGTGAGCTAAATAAGGCGTTAAATAAGAATAAACACCGTTTTATAATTACTA,57, 
strand_123,AGCTTAGATTAAGACCGTTATACAAATTCTTTGTTTAGT,39, 
strand_124,ATCATATGGCTGAGAAGAGTCAATAGTGAATTTATCAAATTTATAGGTC,49, 
strand_125,GGGCGATGCAAAGGGCGAAAAACCCAACTAAAGTACGGTGTCTGGA,46, 
strand_126,TTATCATCATATTCCCGCGTACTATGGTTGCTTTGACGAGTTTTTTATAACGT,53, 
strand_127,TTAAAGGGATTTTACTCGTTAGAATCAGAGCGGGAGCTAAGAGGTGCC,48, 
strand_129,AGGGTAGCAACGGCTACAGAGGCTTTTTTTGAGGACTACAGA,42, 
strand_130,ACAGACAGCCCTCTTTAGCGTAGAATTGCTTTATAATTTTTTCAC,45, 
strand_131,GTATCACTCATTTTCAGGGATATTCCAATACTGTAGCATTCC,42, 
strand_132,ACGGATTCGCCTCAATTACCTGAGCAAAAGAAAGAAACAATA,42, 
strand_133,AAATTATTTTTTTTCACGTAAAACAGAAGTCAGATGAATAT,41, 
strand_134,CAGCAAGCGGTTGTTTGATGGTGGTTCCGAAAGAGAGAGTTG,42, 
strand_135,ACAAAGCGCGCGGGGAGATTTTTTTGCGGTTTGCGTATGAGACGGGCAACA,51, 
strand_136,ACAGTAACAGTACCTATCGGGGATGATTTTAAACATCAAGAAAACAA,47, 
strand_137,GCTGATTGCCCTTCATTTTTGGCCCTTCGGCAATTTATAAATCAAAAG,48, 
strand_138,TTAATGCTTAACTGATAGCCCTAAAACCTGCAACAGTGCCACGCTGATTTTTTGCCAGC,59, 
strand_139,GAACTAACGGAACAATTTTACAGGAATACATACTTTTTAAGGTGGCAACATATA,54, 
strand_140,AGCATTGACAGCCAACCTAAAACGAAAGAGGCAGCCGCCGCC,42, 
strand_141,CTCCCAGAGCCACCACCCTC,20, 
strand_142,AGAGCCGCCACCAGAATTTTTACCACCAGAAAAGAATTTTAAAACACTCATCT,53, 
strand_143,CATTGTGAATTACCTTTTTAAGAACTGGCTCATACGTTAATAAAAC,46, 
strand_144,AGAAGGAAACCTAAGAGCAACACTATCATAACCAAAGTTACC,42, 
strand_145,AATAAGAACCGAAGCCCTTTT,21, 
strand_146,TAAGAAAAGTAAGCATTTGCCGAACCTCGTTTTCCAGACGACGAT,45, 
strand_147,AGTTTCATTCCATATAACAGTTGTTTTTTCCCAATTCAGGT,41, 
strand_148,GCAGACTTTCAATCATAAAGATGAACGGTTTACAGACC,38,255/0/0
strand_128,GAGCCCCTAAAGAACGTTTTTACTCCAACGTGCCCACTACGT,42,0/76/255
strand_149,GAACTTTCACCCAAATCTAAATCGGATTCCTAAAGG,36,0/76/255