Name,Sequence,Amount,Purification
TALOS_1,GTAGCATTGAGATCTAAATTCTATTTCACGTTATTTTCATT,25nm,STD
TALOS_2,AAAAGGAATTACGATTACAGGTAGAATTCAACTAATGCAGTTAACG,25nm,STD
TALOS_3,CTTACCAACGCTAACGCAATTTTTAGGAATCATTAAATCAA,25nm,STD
TALOS_4,ATCAATAATCGGCTGTGAGCATGATCAGAGAGCCTGAACAA,25nm,STD
TALOS_5,AAATGCTTTAAACATAGTAAAATGTTTCATAAATATTCATCGTGCC,25nm,STD
TALOS_6,AGAATAACATAACATAGTAAGAGCTTTTTTTAACACTATC,25nm,STD
TALOS_7,TTTTAATAATAACCCAGATGAATAGGAAGATTGTATTTTTTTTAAGCAAATA,25nm,STD
TALOS_8,TCAAACTATGCAGATTCACTTTTTTTCAGTCACAC,25nm,STD
TALOS_9,ACAGGAAAAACGAAATTTTTGTTATTTTTTTAATCAGCTC,25nm,STD
TALOS_10,CAGGGCGATCACCACACCCTTTTTTTGCCGCGCTT,25nm,STD
TALOS_11,ATTTGGGAAAGCCCCCTTATTTTTTTTTAGCGTTT,25nm,STD
TALOS_12,GCACCGTAATCAGTAGGAAACCATAAGAGGCTACCATTACC,25nm,STD
TALOS_13,AGCGTAAAGTAAATTAGGTGTATACCTCCGGCTTAGTTTTTTTGTTGGGTTA,25nm,STD
TALOS_14,ACCACCAGAGCCGCCCTTTTTAAGTTTTTTTAAAAGTAAG,25nm,STD
TALOS_15,GAACCAGCGCGTTTCCAGTTTGAGGGGAATTGACCGAGCGAG,25nm,STD
TALOS_16,TTTAGCTATGAATTCTGCGAACGAGTATAACATATCAGGTCATTGCAAGAGCTGAAAA,25nm,STD
TALOS_17,CCTCAGAAGAGGGTGCTAAACAACTTTCCAGCCTGTAGC,25nm,STD
TALOS_18,CGTCTTTCCAGACGTTCGATCTATGAATTTATCCGTAACACTGACATAGTT,25nm,STD
TALOS_19,AAACAATAAATTGCATTAATTAATTTTCAGAATTACATT,25nm,STD
TALOS_20,TCAATATATGTGAGTGGGAAACATCATATGTAAAAGAAGATGATTTACCTT,25nm,STD
TALOS_21,TTTGAAGCCTTAAGGCTTATCCGGTAGCAAGCTTCCAGAGCCTAATTAGCTATTTTGC,25nm,STD
TALOS_22,TAGATAAGTATTGTCCAGACGACGACAAAAGGTATCATTCCAAGAAAAATATCCCATC,25nm,STD
TALOS_23,GGATGTGGCTGCGCCCTGGGGTGCCTAACTAGCTCGAAT,25nm,STD
TALOS_24,CACAATTCCACACAACGAAATTGAAATCCTGTATGCCTGCAGGTGCTGTTT,25nm,STD
TALOS_25,TTTTGATAGCGCAGTACCTTATGCGATTTTTTGCCCTGA,25nm,STD
TALOS_26,AACCGATGTGAATTAAACACTCATCTTTAGTAAAGACTT,25nm,STD
TALOS_27,ACGAAGGCACCAACCTAATACGTATAAATCAAGGAACGAGGGTACATTAAA,25nm,STD
TALOS_28,TCCAACGGTTGTTCAGCGAAAGGAGCGGCTTCGGAACCC,25nm,STD
TALOS_29,TAAAACATAGTTAAATAATACATTTGAGGAATCTGGTCA,25nm,STD
TALOS_30,ATCTTTAGGAGCACTAGAAGGTTGTCTTTAATCACCTTGCTGAATGAAAGG,25nm,STD
TALOS_31,ACCAGTAGCGACATTAAAGGTGAATATATTGAATCAAGTTTGCCTTTTGGCCGGAAAC,25nm,STD
TALOS_32,CAAATATACCGGAACTTAGAGCTTAATTTAAATGTGTAATGG,25nm,STD
TALOS_33,TAAAGTATTTTTTTCGGTGTCTGTCTGGAGCA,25nm,STD
TALOS_34,TGCTCAGTTTTTTTTACCAGGCGTCAGCGGAG,25nm,STD
TALOS_35,ACCCATGTACACCGTACTCAGGAGGCCCGGAAGAATTTT,25nm,STD
TALOS_36,AGAAACCACTCAAAATTATTTTTTTTTTGCACGTAATCCTTGAA,25nm,STD
TALOS_37,ACCTGAGCACCACAGTAACAGTACCTTAACGTTTGCTTC,25nm,STD
TALOS_38,AGTTTTAACAATCTACGTTTTTTTTTAATAAAACGGGGAGAATT,25nm,STD
TALOS_39,AACTGAACACCCTGAAATTAGACAACTAACGGAACAACATTAGGAAACAGG,25nm,STD
TALOS_40,CAATACTGCTTGCCCTTCATTTTTTTCCGCCTGGCTTACAAAAT,25nm,STD
TALOS_41,AGCCTGTTTTCGAGCCAGTTTTTTTTAATAAGAGATAAACCAAG,25nm,STD
TALOS_42,AGATGAACGGTGCGAGAGGCTTTTTTTTTTTGCAAAAGAAGTTTTTCTT,25nm,STD
TALOS_43,TTCACCAGTGAGACGGCAGGGTGGTTTTGCCAGAGGGGGTAAGTTGCGTAT,25nm,STD
TALOS_44,ATTGCTCCTCGGAAACCAGTTTTTTTGCAAAGCGCGCTAACTCA,25nm,STD
TALOS_45,CAAGCTTGCTTTTCGCTATTACGCCGCGATCGCCGGAAG,25nm,STD
TALOS_46,GGGAGTTAAGATTTGTATCTTTTTTTATCGCCTGAGGCTGACCT,25nm,STD
TALOS_47,TCATCAAGAGTAATCTATAGGCTTAAATTGTGTCGAAATCCGAGTACAGAC,25nm,STD
TALOS_48,CCACCCTCAAACAAATAAATTTTTTTTCCTCATTACTGGCTCAT,25nm,STD
TALOS_49,CGAGAAACACTGTGAATTCTCTGAATTTACCGTTCCTATCAACTT,25nm,STD
TALOS_50,ATTGTATTTTTTTTCGGTTTATCAGCGATTAT,25nm,STD
TALOS_51,GACAGCATCAAACAATGACAACAACATACCGAAAGAGGC,25nm,STD
TALOS_52,AGAATCAGAGCAAATTAACTTTTTTTCGTTGTAGCTGACGCTCA,25nm,STD
TALOS_53,ATCGTCTGAAATGGATTACATTTAATACTTCTTTGATTAGTATTCTCATGG,25nm,STD
TALOS_54,ACCGCCTGCTTAAATCCTTTTTTTTTTGCCCGAACTACTTCTGA,25nm,STD
TALOS_55,ATAATGGAAGGGTTAGTGGATTAGTTATTAATTTTAAAAGTTGATAATCCT,25nm,STD
TALOS_56,TCAAAAGTTTTTTTAATAGCCCGGGCGCTGGC,25nm,STD
TALOS_57,TAAAGGGAGCGGAAGAACAGTTTGGAACAAGAGTCCCGGGCGAGA,25nm,STD
TALOS_58,AATTCATCAATAACCCTTCTGACCTTTTTTTTGAAAGCGTCAGTGAGGC,25nm,STD
TALOS_59,TATGGTTGCTTTGACGAGCCAGACAACCTGAGA,25nm,STD
TALOS_60,ACGGAATAAGTTACAAAGAACGCGTTTTTTTAGAAAACTTAAGTATTAG,25nm,STD
TALOS_61,CTAAAGCATGCAAATACCGAACGAACTAAATTATAGATT,25nm,STD
TALOS_62,CAAGAAATTTTTTTCAATGAAATTTGAGGCAG,25nm,STD
TALOS_63,CCGGAACCAGAGCCACCACTACCGAAGCCGCCA,25nm,STD
TALOS_64,AACGTAGAAGCGACATTCATTTTTTTACCGATTGAAGACTGTAG,25nm,STD
TALOS_65,CAACAGTAGGGCCGCAATAATAACTTTTTTTGGAATACCCAAATTCATA,25nm,STD
TALOS_66,TGGTTTACCAGCGCCACAATAGAAAAAGAACTGGCATGATTAAGTATTTTG,25nm,STD
TALOS_67,AAAACATCGACCGACCGTTTTTTTTGTGATAAATAACAACGC,25nm,STD
TALOS_68,CAACATGTAATTTAGGCCATATTTAAGGCGTTAAATAAGAATAATTAATTG,25nm,STD
TALOS_69,AAGCGGATTTTTTTTTGCATCAAGCACTCCAG,25nm,STD
TALOS_70,TAACAACCGGATGGGCAAACTCCAACAGAGCCCGAAGTATCG,25nm,STD
TALOS_71,GGTGGCATCCAAAGGCGTTGATTCCCCTTTA,25nm,STD
TALOS_72,CTAATTTACCTTTCCTTAAAGTAATTAAGAG,25nm,STD
TALOS_73,CCTGTGTATACGAGGTGCGGGCCTATAAA,25nm,STD
TALOS_74,CGGGTAAAAAACGATAGTTGCGCGAAGCA,25nm,STD
TALOS_75,CACCGAGTAAAAGAGTTTATAATAAGAATA,25nm,STD
TALOS_76,GTCAGACGATTGGCCTCAGGAGGAGCAATA,25nm,STD
TALOS_77,GTCACCAATCGACAGACGGAAATTAGGGTTT,25nm,STD
TALOS_78,GCCTCAGGCCCGTGGGAACAAACGGCGGCGACGACAAGACTT,25nm,STD
TALOS_79,GATAGGTGCATCTGTAATTCGAGTGCAAC,25nm,STD
TALOS_80,TGGGGCGCCGGTAATCGAAATGGTAGTTTGACCATTAGAT,25nm,STD
TALOS_81,TCAGGGAACAAACTACAACACTAAAGGACACCACCCCCTCAGAACCGCCAC,25nm,STD
TALOS_82,CTGTATGCAGCCCTGTTTCGTCACCAGTTAGCAAGCCGCCAC,25nm,STD
TALOS_83,AGAGGCGGAAAACAAAATTATTAAGACGTTACAAATCGCCTGATTGCTTTG,25nm,STD
TALOS_84,TGTAAATATTTGAAGAAACAAACATCAAAATTATTTCGGGAG,25nm,STD
TALOS_85,TCAAAAAAGTCAGAGTACCACAAGATTCATCAGTTGAG,25nm,STD
TALOS_86,GATTAGTTTCCCAATCCCCCGACTGAACGCGAGGCGTTTT,25nm,STD
TALOS_87,GAAAAATACAAGCAAGCCGCCTGTCAACATGTTCAGCTAA,25nm,STD
TALOS_88,AGCTGCAACAGCTGAGGAATCGTAGACTGGATAGCGTC,25nm,STD
TALOS_89,ACGTTGTCCCCGGGTACCGCACTGCCCGTTTTCCCGCGATTAAGTTGGGTA,25nm,STD
TALOS_90,CATAAAGGGTCATACGACTCTAGAGGATAAAACGAGAAAGGG,25nm,STD
TALOS_91,ATAACCCGGAACCGACAAGAACCGACGGTCTGTTACTTAGCCGGAA,25nm,STD
TALOS_92,GAGTAACAGTGAATAAGGCGGGAAGAAAGGGGTCAGAGTGTACTGGTAATA,25nm,STD
TALOS_93,TAATCATCAGAACGAAAGCTGCTCATTCAGTGCCCACATGGC,25nm,STD
TALOS_94,GGATCGTGGCTTTGAGGACTACAACGGAAGGCCGCGTCGCTGAGGCTTGCA,25nm,STD
TALOS_95,AAAAGAAAAGTTTCGCAACGGCTACAGACACCCTCCACGCAT,25nm,STD
TALOS_96,TTTAAATATCCAGATTTACATTGCGGCCTTGCCTGAGTAGAAGAAC,25nm,STD
TALOS_97,GACCAGTATCATCACCTACCATACAGAAGGTCATTTTGCGGAACAA,25nm,STD
TALOS_98,ACCATCATAAAGCACTAAAGCGCGTAACGGCCCACGCGAAAAACCGTCTAT,25nm,STD
TALOS_99,AAGGAAGCCCCGATGGGTCGAGGTGCCGCCCAAATCGTGGAC,25nm,STD
TALOS_100,AATGCGCAGGCCGAGTCCATCACGCGGGAGACGTGCTTTCCTCGTT,25nm,STD
TALOS_101,GAGAGCCCCCTCAATCAATCAACTCGTAAACAGTGGGCGGTCAGTATTAAC,25nm,STD
TALOS_102,AGAGCCGCAACAGTCCTCAAATATCAAAAGCAGCACAGAAGA,25nm,STD
TALOS_103,GCCATCTAGCCACCATATTCACAGAACCGCGCCTCCCTCAGAGCCG,25nm,STD
TALOS_104,ATTAGCAATTCGGTCATTTAGAGCGTCACCGACTTGAGCC,25nm,STD
TALOS_105,TATAACTTGGCAACGACAAAAGGAATACATACGCAGTATGTTAGCA,25nm,STD
TALOS_106,CAGATAGTACAAATGAGGCATTTAGTATCACATAATTACTAGAAAA,25nm,STD
TALOS_107,ATTTTTGCCGTCGGATTCTTTCTGGTGCTTTGATATTAGAGAGTACCTTTA,25nm,STD
TALOS_108,GGCGCATCGTAACCGTCACGTTGGCTTTCATCAACATGCTGAATTCAAAGC,25nm,STD
TALOS_109,AACAAGAGAATCGATGCTGAGAGGAAGTTTCATTCCATAGATTTCAATAACCTG,25nm,STD
TALOS_110,TGAGAATAGAAAGGAAAACAGTTGATAAGTGCCGTCGACCGCCACTCATTT,25nm,STD
TALOS_111,ATTCCACAGAGGATTTTTGATATAAGTATAGTTTAGTACCCAATAGGA,25nm,STD
TALOS_112,AACATAGCGATAGCTTCCTTAGAAAACAGAAATAAAGAACGGATATCGCGC,25nm,STD
TALOS_113,TAACAATTTCCGTCGCTGTAGATTTTCAGGTTTTTACACATTTCAATT,25nm,STD
TALOS_114,AAACAGCCATATTATTTTGCCAGCCTGAGAGAGTTGCATTCTAATGCGGGAGGT,25nm,STD
TALOS_115,TACCGCACTCATCGAGCGGGTATATATAAAGTACCGACAATAAATTATCAACAA,25nm,STD
TALOS_116,CATTAATTGCGTTGCGTGAGTGACATTCGCCATTCAGCTGCAAGAGTCACG,25nm,STD
TALOS_117,TCGTAATCATTGTAAAGAACTGTTGGGAAGGAGCTGGCCGGCCAGTGC,25nm,STD
TALOS_118,TATACCAGTCAGGACGTTAAGAAAAGCCAGAATGGAAGATACAGGTGCCTT,25nm,STD
TALOS_119,ATTTCGGAACCTATAGTAAGCGTCATGTATAAA,25nm,STD
TALOS_120,ACCAAGCGCGAAACAAGACCCCCAGCTTGCTTTCGAGATATTCGTTTTGCG,25nm,STD
TALOS_121,TTTCATGAGGTACACTATCTTAAACAGCTTGCATCGCCAGCAGCGAAA,25nm,STD
TALOS_122,AAGTGTAGCGGTCACGGCGCTAGAGATAGGGTTGAGTTCAAAGGTACGTGA,25nm,STD
TALOS_123,ACTTTACAAACAATTCGATTTAGTTTCAAATATATTTGAGGTGACCACGCT,25nm,STD
TALOS_124,GTTGGCAAATTCAATAGTTTCATCTTCTGACCCACCAGAATGAAAAAT,25nm,STD
TALOS_125,CGCGTTTTCATCGGCATAGCGTCGGGAGGGAAGGTAATATCACCCAGCAAAATC,25nm,STD
TALOS_126,CCAGCTTTCCGGCACCGAAGATCAAAGATTAAGAGGAGTCAGGAAGAGGTC,25nm,STD
TALOS_127,ATTTAGGAAGGTAATTGAGTTTTTTTCGCTAATTAGAAACCA,25nm,STD
TALOS_128,GTTAAGCCCAATAATCAACCCACAAGAATTGA,25nm,STD
TALOS_129,CCTCAGAGCATTGCGAATATTTTTTTATAATTTCTAATAGTA,25nm,STD
TALOS_130,CAGTTAAACGTAACAGTAGTAAATTGGGCTTGA,25nm,STD
TALOS_131,GATGGTTTAATTTTCTGAAACATGTTTTTTTAAAGTATTCGATAGCA,25nm,STD
TALOS_132,GGCTCCAAAAGGAGCAAAATCTCCAAAAAAAA,25nm,STD
TALOS_133,CGAGGCGCAGGATATTCATTTTTTTTTACCCAAATCATGCCCCCTGCCT,25nm,STD
TALOS_134,GATTAGGATTAGCGTTGACTCCTCAAGAGAAG,25nm,STD
TALOS_135,TGGGCGCGCATTAATGAATCGGCCAACGCGCGG,25nm,STD
TALOS_136,GGAGAGGCGGTTTCAGAAAACGAGTTTTTTTAATGACCAATGCCACT,25nm,STD
TALOS_137,ACGCCAGGGCTTTCCAGTCTTTTTTTGGGAAACCTGTTGAATCCCCCTC,25nm,STD
TALOS_138,GACTATTATAGTCACGATCAGGTCTTTACCCT,25nm,STD
TALOS_139,TGCAGAACGCGTTTTTATTTTTTTTTTTCATCGATCCTGAAT,25nm,STD
TALOS_140,AGCAAATCATGCCCCAGTTTTTTTCAGGCGATTATCCGCT,25nm,STD
TALOS_141,AGTGTTTCTTTAAAGGGATTTTAGACAGGAACG,25nm,STD
TALOS_142,GTACGCCAGAATTATTTTTGAATGTTTTTTTGCTATTAATCTAAAAT,25nm,STD
TALOS_143,ACCCAGCTAAGCGTCTGGTCCACGCTGGTTGATATAGACCGCGCCCAATAGCA,25nm,STD
TALOS_144,TCGGCAAAATCCCTTCGATGGTGGTTCCGAAA,25nm,STD
TALOS_145,CGTGGCAACGTATACTAAACAGGCGCTACAGGGCGCGTAC,25nm,STD
TALOS_146,AATTGAGACAACTATAATGGTTTGAAATCCATTAAGCGAACTGATAGCCCT,25nm,STD
TALOS_147,AATACCAAGCTGAGAAGAGTTTTTTTTCAATAGAAGTTTTGT,25nm,STD
TALOS_148,TCACAATAAATATAAAAGAAACGCAAAGACACC,25nm,STD
TALOS_149,AGACTACCTTTTTACAAAATCATAGGTCTGAG,25nm,STD
TALOS_150,CAAATCCAATCGCAAGACTCCTTATTACATAAAGGATATGTAAATGCTGATG,25nm,STD
TALOS_151,ACATTTCGCTAAAACTAGCTTTTTTTATGTCAAGTACATAAA,25nm,STD
TALOS_152,AAATACCTAACAATATTACCGCCAGCCATTGCA,25nm,STD
TALOS_153,ATTTTTTTGTTAGAGCTTGACGGGGAAA,25nm,STD
TALOS_154,GCCGGCGAACGTTCTGGCCTTCCTTTTTTTTGTAGCCAGTGTAGATG,25nm,STD
TALOS_155,AAAGCCCCAAAAACATCCGGTTGATAATCAGA,25nm,STD
TALOS_156,TGTTAAAATTCGCAATAACATCACTTGCTGGTAATTGTAAACGTTAATATTT,25nm,STD
TALOS_157,TCAAAAATAATTCGACTATTAAAGAACAAGTTTTTAACCAATAGGAACGCCA,25nm,STD
TALOS_158,ACATGTTTTAAATACTATAATGCTGTAGCTCA,25nm,STD
TALOS_159,GAAGCGCCAATGAAAATAGCAGCCTTTACAGAG,25nm,STD
TALOS_160,CAGGCGCTGAACTGACCAACTTTGAAAGAGGAC,25nm,STD
TALOS_161,AGCGAACCTAAATAAGAAATTTTTTTCGATTTTTTGTATACATAACGCC,25nm,STD
TALOS_162,ATAAAAACCAAAATCGACCTGCTCCAAATCATAAGTCGTTTACCAGACGACG,25nm,STD
TALOS_163,GATTGTTAATATTCCTGATTATCAGATGATGGC,25nm,STD
TALOS_164,GGCCAACAGAGATATGAGTAACATTAAGCGGAATTAATAAAAGGGACATTCT,25nm,STD
TALOS_165,GCATTGATGACCCTCAGAGCCGCCACCAGAACC,25nm,STD
TALOS_166,AGAATCGCATCTTACCAGTATAAAGCCAACGCT,25nm,STD
TALOS_167,GCTATCTCGGAACCCACCCTCAGTTTCATAATCAAAATCA,25nm,STD
TALOS_168,AAGGAAACCGAGGAAAACACCGGAATTATGCGTTACCGAACAAAGTTACCAG,25nm,STD
